name,Specialization
Dr. Emily Adams , Specializes in Alzheimer's disease
Dr. Ethan Baker , Specializes in Arthritis
Dr. Olivia Campbell , Specializes in Cancer
Dr. Benjamin Carter , Specializes in Dementia
Dr. Sophia Davis , Specializes in Diabetes
Dr. Jacob Evans , Specializes in Heart disease
Dr. Isabella Foster , Specializes in High blood pressure
Dr. Alexander Garcia , Specializes in Multiple sclerosis
Dr. Mia Hall , Specializes in Parkinson's disease
Dr. Noah Jackson , Specializes in Spina bifida
Dr. Ava Kelly , Specializes in Thyroid disorders
Dr. Samuel Lewis , Specializes in Alzheimer's disease
Dr. Victoria Martinez , Specializes in Arthritis
Dr. Nathan Miller , Specializes in Cancer
Dr. Chloe Moore , Specializes in Dementia
Dr. William Murphy , Specializes in Diabetes
Dr. Abigail Nelson , Specializes in Heart disease
Dr. Henry Parker , Specializes in High blood pressure
Dr. Grace Ramirez , Specializes in Multiple sclerosis
Dr. Daniel Roberts , Specializes in Parkinson's disease
Dr. Sofia Rodriguez , Specializes in Spina bifida
Dr. Elijah Sanchez , Specializes in Thyroid disorders
Dr. Madison Scott , Specializes in Alzheimer's disease
Dr. Isaac Turner , Specializes in Arthritis
Dr. Penelope Walker , Specializes in Cancer
Dr. Julian White , Specializes in Dementia
Dr. Harper Wilson , Specializes in Diabetes
Dr. Audrey Young , Specializes in Heart disease
Dr. Caleb Adams , Specializes in High blood pressure
Dr. Lily Baker , Specializes in Multiple sclerosis
Dr. Gabriel Brown , Specializes in Parkinson's disease
Dr. Avery Clark , Specializes in Spina bifida
Dr. Elijah Davis , Specializes in Thyroid disorders
Dr. Scarlett Evans , Specializes in Alzheimer's disease
Dr. Oliver Foster , Specializes in Arthritis
Dr. Amelia Garcia , Specializes in Cancer
Dr. David Green , Specializes in Dementia
Dr. Ava Hall , Specializes in Diabetes
Dr. Samuel Harris , Specializes in Heart disease
Dr. Sophia Jackson , Specializes in High blood pressure
Dr. Olivia Johnson , Specializes in Multiple sclerosis
Dr. Benjamin King , Specializes in Parkinson's disease
Dr. Emma Lewis , Specializes in Spina bifida
Dr. Liam Martinez , Specializes in Thyroid disorders
Dr. Harper Mitchell , Specializes in Alzheimer's disease
Dr. Ethan Moore , Specializes in Arthritis
Dr. Isabella Murphy , Specializes in Cancer
Dr. Noah Nelson , Specializes in Dementia
Dr. Victoria Parker , Specializes in Diabetes
Dr. Nathan Ramirez , Specializes in Heart disease
Dr. Chloe Roberts , Specializes in High blood pressure
Dr. William Rodriguez , Specializes in Multiple sclerosis
Dr. Abigail Sanchez , Specializes in Parkinson's disease
Dr. Henry Scott , Specializes in Spina bifida
Dr. Grace Turner , Specializes in Thyroid disorders
Dr. Daniel White , Specializes in Alzheimer's disease
Dr. Sofia Adams , Specializes in Arthritis
Dr. Elijah Baker , Specializes in Cancer
Dr. Madison Campbell , Specializes in Dementia
Dr. Isaac Carter , Specializes in Diabetes
Dr. Penelope Davis , Specializes in Heart disease
Dr. Julian Evans , Specializes in High blood pressure
Dr. Harper Foster , Specializes in Multiple sclerosis
Dr. Caleb Garcia , Specializes in Parkinson's disease
Dr. Lily Hall , Specializes in Spina bifida
Dr. Gabriel Jackson , Specializes in Thyroid disorders
Dr. Avery Kelly , Specializes in Alzheimer's disease
Dr. Scarlett Lewis , Specializes in Arthritis
Dr. Oliver Martinez , Specializes in Cancer
Dr. Amelia Miller , Specializes in Dementia
Dr. David Moore , Specializes in Diabetes
Dr. Ava Murphy , Specializes in Heart disease
Dr. Samuel Nelson , Specializes in High blood pressure
Dr. Sophia Parker , Specializes in Multiple sclerosis
Dr. Elijah Ramirez , Specializes in Parkinson's disease
Dr. Madison Roberts , Specializes in Spina bifida
Dr. Isaac Scott , Specializes in Thyroid disorders
Dr. Penelope Turner , Specializes in Alzheimer's disease
Dr. Julian Walker , Specializes in Arthritis
Dr. Harper White , Specializes in Cancer
Dr. Caleb Adams , Specializes in Dementia
Dr. Lily Baker , Specializes in Diabetes
Dr. Gabriel Clark , Specializes in Heart disease
Dr. Avery Davis , Specializes in High blood pressure
Dr. Scarlett Evans , Specializes in Multiple sclerosis
Dr. Oliver Foster , Specializes in Parkinson's disease
Dr. Amelia Garcia , Specializes in Spina bifida
Dr. David Green , Specializes in Thyroid disorders
Dr. Ava Hall , Specializes in Alzheimer's disease
Dr. Samuel Harris , Specializes in Arthritis
Dr. Sophia Jackson , Specializes in Cancer
Dr. Elijah Johnson , Specializes in Dementia
Dr. Madison King , Specializes in Diabetes
Dr. Isaac Lewis , Specializes in Heart disease
Dr. Penelope Martinez , Specializes in High blood pressure
Dr. Julian Mitchell , Specializes in Multiple sclerosis
Dr. Harper Murphy , Specializes in Parkinson's disease
Dr. Caleb Nelson , Specializes in Spina bifida
Dr. Lily Parker , Specializes in Thyroid disorders
Dr. Gabriel Ramirez , Specializes in Alzheimer's disease
Dr. Avery Roberts , Specializes in Arthritis
Dr. Scarlett Sanchez , Specializes in Cancer
Dr. Oliver Scott , Specializes in Dementia
Dr. Amelia Turner , Specializes in Diabetes
Dr. David White , Specializes in Heart disease
Dr. Ava Adams , Specializes in High blood pressure
Dr. Samuel Baker , Specializes in Multiple sclerosis
Dr. Sophia Campbell , Specializes in Parkinson's disease
Dr. Elijah Carter , Specializes in Spina bifida
Dr. Madison Davis , Specializes in Thyroid disorders
Dr. Isaac Evans , Specializes in Alzheimer's disease
Dr. Penelope Foster , Specializes in Arthritis
Dr. Julian Garcia , Specializes in Cancer
Dr. Harper Green , Specializes in Dementia
Dr. Caleb Hall , Specializes in Diabetes
Dr. Lily Harris , Specializes in Heart disease
Dr. Gabriel Jackson , Specializes in High blood pressure
Dr. Avery Johnson , Specializes in Multiple sclerosis
Dr. Scarlett King , Specializes in Parkinson's disease
Dr. Oliver Lewis , Specializes in Spina bifida
Dr. Amelia Martinez , Specializes in Thyroid disorders
Dr. David Moore , Specializes in Alzheimer's disease
Dr. Ava Murphy , Specializes in Arthritis
Dr. Samuel Nelson , Specializes in Cancer
Dr. Sophia Parker , Specializes in Dementia
Dr. Elijah Ramirez , Specializes in Diabetes
Dr. Madison Roberts , Specializes in Heart disease
Dr. Isaac Scott , Specializes in High blood pressure
Dr. Penelope Turner , Specializes in Multiple sclerosis
Dr. Julian Walker , Specializes in Parkinson's disease
Dr. Harper White , Specializes in Spina bifida
Dr. Caleb Adams , Specializes in Thyroid disorders
Dr. Lily Baker , Specializes in Alzheimer's disease
Dr. Gabriel Clark , Specializes in Arthritis
Dr. Avery Davis , Specializes in Cancer
Dr. Scarlett Evans , Specializes in Dementia
Dr. Oliver Foster , Specializes in Diabetes
Dr. Amelia Garcia , Specializes in Heart disease
Dr. David Green , Specializes in High blood pressure
Dr. Ava Hall , Specializes in Multiple sclerosis
Dr. Samuel Harris , Specializes in Parkinson's disease
Dr. Sophia Jackson , Specializes in Spina bifida
Dr. Elijah Johnson , Specializes in Thyroid disorders
Dr. Madison King , Specializes in Alzheimer's disease
Dr. Isaac Lewis , Specializes in Arthritis
Dr. Penelope Martinez , Specializes in Cancer
Dr. Julian Mitchell , Specializes in Dementia
Dr. Harper Murphy , Specializes in Diabetes
Dr. Caleb Nelson , Specializes in Heart disease
Dr. Lily Parker , Specializes in High blood pressure
Dr. Gabriel Roberts , Specializes in Multiple sclerosis
Dr. Avery Sanchez , Specializes in Parkinson's disease
Dr. Scarlett Scott , Specializes in Spina bifida
Dr. Oliver Turner , Specializes in Thyroid disorders
Dr. Amelia White , Specializes in Alzheimer's disease
Dr. David Adams , Specializes in Arthritis
Dr. Ava Campbell , Specializes in Cancer
Dr. Samuel Carter , Specializes in Dementia
Dr. Sophia Davis , Specializes in Diabetes
Dr. Elijah Foster , Specializes in Heart disease
Dr. Madison Garcia , Specializes in High blood pressure
Dr. Isaac Green , Specializes in Multiple sclerosis
Dr. Penelope Hall , Specializes in Parkinson's disease
Dr. Julian Harris , Specializes in Spina bifida
Dr. Harper Jackson , Specializes in Thyroid disorders
Dr. Caleb King , Specializes in Alzheimer's disease
Dr. Lily Lewis , Specializes in Arthritis
Dr. Gabriel Martinez , Specializes in Cancer
Dr. Avery Mitchell , Specializes in Dementia
Dr. Scarlett Murphy , Specializes in Diabetes
Dr. Oliver Nelson , Specializes in Heart disease
Dr. Amelia Parker , Specializes in High blood pressure
Dr. David Roberts , Specializes in Multiple sclerosis
Dr. Ava Sanchez , Specializes in Parkinson's disease
Dr. Samuel Scott , Specializes in Spina bifida
Dr. Sophia Turner , Specializes in Thyroid disorders
Dr. Elijah White , Specializes in Alzheimer's disease
Dr. Madison Adams , Specializes in Arthritis
Dr. Isaac Campbell , Specializes in Cancer
Dr. Penelope Carter , Specializes in Dementia
Dr. Julian Davis , Specializes in Diabetes
Dr. Harper Evans , Specializes in Heart disease
Dr. Caleb Foster , Specializes in High blood pressure
Dr. Lily Garcia , Specializes in Multiple sclerosis
Dr. Gabriel Green , Specializes in Parkinson's disease
Dr. Avery Hall , Specializes in Spina bifida
Dr. Scarlett Harris , Specializes in Thyroid disorders
Dr. Oliver Jackson , Specializes in Alzheimer's disease
Dr. Amelia King , Specializes in Arthritis
Dr. David Lewis , Specializes in Cancer
Dr. Ava Martinez , Specializes in Dementia
Dr. Samuel Mitchell , Specializes in Diabetes
Dr. Sophia Murphy , Specializes in Heart disease
Dr. Elijah Nelson , Specializes in High blood pressure
Dr. Madison Parker , Specializes in Multiple sclerosis
Dr. Isaac Roberts , Specializes in Parkinson's disease
Dr. Penelope Sanchez , Specializes in Spina bifida
Dr. Julian Scott , Specializes in Thyroid disorders
Dr. Harper Turner , Specializes in Alzheimer's disease
Dr. Caleb White , Specializes in Arthritis
Dr. Lily Adams , Specializes in Cancer
Dr. Gabriel Campbell , Specializes in Dementia
Dr. Avery Davis , Specializes in Diabetes
Dr. Scarlett Evans , Specializes in Heart disease
Dr. Oliver Foster , Specializes in High blood pressure
Dr. Amelia Garcia , Specializes in Multiple sclerosis
Dr. David Green , Specializes in Parkinson's disease
Dr. Ava Hall , Specializes in Spina bifida
Dr. Samuel Harris , Specializes in Thyroid disorders
Dr. Sophia Jackson , Specializes in Alzheimer's disease
Dr. Elijah King , Specializes in Arthritis
Dr. Madison Lewis , Specializes in Cancer
Dr. Isaac Martinez , Specializes in Dementia
Dr. Penelope Mitchell , Specializes in Diabetes
Dr. Julian Murphy , Specializes in Heart disease
Dr. Harper Nelson , Specializes in High blood pressure
Dr. Caleb Parker , Specializes in Multiple sclerosis
Dr. Lily Roberts , Specializes in Parkinson's disease
Dr. Gabriel Sanchez , Specializes in Spina bifida
Dr. Avery Scott , Specializes in Thyroid disorders
Dr. Scarlett Turner , Specializes in Alzheimer's disease
Dr. Oliver White , Specializes in Arthritis
Dr. Amelia Adams , Specializes in Cancer
Dr. David Campbell , Specializes in Dementia
Dr. Ava Davis , Specializes in Diabetes
Dr. Samuel Evans , Specializes in Heart disease
Dr. Sophia Foster , Specializes in High blood pressure
Dr. Elijah Garcia , Specializes in Multiple sclerosis
Dr. Madison Green , Specializes in Parkinson's disease
Dr. Isaac Hall , Specializes in Spina bifida
Dr. Penelope Harris , Specializes in Thyroid disorders
Dr. Julian Jackson , Specializes in Alzheimer's disease
Dr. Harper King , Specializes in Arthritis
Dr. Caleb Lewis , Specializes in Cancer
Dr. Lily Martinez , Specializes in Dementia
Dr. Gabriel Mitchell , Specializes in Diabetes
Dr. Avery Murphy , Specializes in Heart disease
Dr. Scarlett Nelson , Specializes in High blood pressure
Dr. Oliver Parker , Specializes in Multiple sclerosis
Dr. Amelia Roberts , Specializes in Parkinson's disease
Dr. David Sanchez , Specializes in Spina bifida
Dr. Ava Scott , Specializes in Thyroid disorders
Dr. Samuel Turner , Specializes in Alzheimer's disease
Dr. Sophia White , Specializes in Arthritis
Dr. Elijah Adams , Specializes in Cancer
Dr. Madison Campbell , Specializes in Dementia
Dr. Isaac Davis , Specializes in Diabetes
Dr. Penelope Evans , Specializes in Heart disease
Dr. Julian Foster , Specializes in High blood pressure
Dr. Harper Garcia , Specializes in Multiple sclerosis
Dr. Caleb Green , Specializes in Parkinson's disease
Dr. Lily Hall , Specializes in Spina bifida
Dr. Gabriel Harris , Specializes in Thyroid disorders
Dr. Ava Jackson , Specializes in Alzheimer's disease
Dr. Samuel King , Specializes in Arthritis
Dr. Sophia Lewis , Specializes in Cancer
Dr. Elijah Martinez , Specializes in Dementia
Dr. Madison Mitchell , Specializes in Diabetes
Dr. Isaac Murphy , Specializes in Heart disease
Dr. Penelope Nelson , Specializes in High blood pressure
Dr. Julian Parker , Specializes in Multiple sclerosis
Dr. Harper Roberts , Specializes in Parkinson's disease
Dr. Caleb Sanchez , Specializes in Spina bifida
Dr. Lily Scott , Specializes in Thyroid disorders
Dr. Gabriel Turner , Specializes in Alzheimer's disease
Dr. Ava White , Specializes in Arthritis
Dr. Samuel Adams , Specializes in Cancer
Dr. Sophia Campbell , Specializes in Dementia
Dr. Elijah Davis , Specializes in Diabetes
Dr. Madison Evans , Specializes in Heart disease
Dr. Isaac Foster , Specializes in High blood pressure
Dr. Penelope Garcia , Specializes in Multiple sclerosis
Dr. Julian Green , Specializes in Parkinson's disease
Dr. Harper Hall , Specializes in Spina bifida
Dr. Caleb Harris , Specializes in Thyroid disorders
Dr. Lily Jackson , Specializes in Alzheimer's disease
Dr. Gabriel King , Specializes in Arthritis
Dr. Ava Lewis , Specializes in Cancer
Dr. Samuel Martinez , Specializes in Dementia
Dr. Sophia Mitchell , Specializes in Diabetes
Dr. Elijah Murphy , Specializes in Heart disease
Dr. Madison Nelson , Specializes in High blood pressure
Dr. Isaac Parker , Specializes in Multiple sclerosis
Dr. Penelope Roberts , Specializes in Parkinson's disease
Dr. Julian Sanchez , Specializes in Spina bifida
Dr. Harper Scott , Specializes in Thyroid disorders
Dr. Caleb Turner , Specializes in Alzheimer's disease
Dr. Lily White , Specializes in Arthritis
Dr. Gabriel Adams , Specializes in Cancer
Dr. Ava Campbell , Specializes in Dementia
Dr. Samuel Davis , Specializes in Diabetes
Dr. Sophia Evans , Specializes in Heart disease
Dr. Elijah Foster , Specializes in High blood pressure
Dr. Madison Garcia , Specializes in Multiple sclerosis
Dr. Isaac Green , Specializes in Parkinson's disease
Dr. Penelope Hall , Specializes in Spina bifida
Dr. Julian Harris , Specializes in Thyroid disorders
Dr. Harper Jackson , Specializes in Alzheimer's disease
Dr. Caleb King , Specializes in Arthritis
Dr. Lily Lewis , Specializes in Cancer
Dr. Gabriel Martinez , Specializes in Dementia
Dr. Ava Mitchell , Specializes in Diabetes
Dr. Samuel Murphy , Specializes in Heart disease
Dr. Sophia Nelson , Specializes in High blood pressure
Dr. Elijah Parker , Specializes in Multiple sclerosis
Dr. Madison Roberts , Specializes in Parkinson's disease
Dr. Isaac Sanchez , Specializes in Spina bifida
Dr. Penelope Scott , Specializes in Thyroid disorders
Dr. Julian Turner , Specializes in Alzheimer's disease
Dr. Harper White , Specializes in Arthritis
Dr. Caleb Adams , Specializes in Cancer
Dr. Lily Campbell , Specializes in Dementia
Dr. Gabriel Davis , Specializes in Diabetes
Dr. Ava Evans , Specializes in Heart disease
Dr. Samuel Foster , Specializes in High blood pressure
Dr. Sophia Garcia , Specializes in Multiple sclerosis
Dr. Elijah Green , Specializes in Parkinson's disease
Dr. Madison Hall , Specializes in Spina bifida
Dr. Isaac Harris , Specializes in Thyroid disorders
Dr. Penelope Jackson , Specializes in Alzheimer's disease
Dr. Julian King , Specializes in Arthritis
Dr. Harper Lewis , Specializes in Cancer
Dr. Caleb Martinez , Specializes in Dementia
Dr. Lily Mitchell , Specializes in Diabetes
Dr. Gabriel Murphy , Specializes in Heart disease
Dr. Ava Nelson , Specializes in High blood pressure
Dr. Samuel Parker , Specializes in Multiple sclerosis
Dr. Sophia Roberts , Specializes in Parkinson's disease
Dr. Elijah Sanchez , Specializes in Spina bifida
Dr. Madison Scott , Specializes in Thyroid disorders
Dr. Isaac Turner , Specializes in Alzheimer's disease
Dr. Penelope White , Specializes in Arthritis
Dr. Julian Adams , Specializes in Cancer
Dr. Harper Campbell , Specializes in Dementia
Dr. Caleb Davis , Specializes in Diabetes
Dr. Lily Evans , Specializes in Heart disease
Dr. Gabriel Foster , Specializes in High blood pressure
Dr. Ava Garcia , Specializes in Multiple sclerosis
Dr. Samuel Green , Specializes in Parkinson's disease
Dr. Sophia Hall , Specializes in Spina bifida
Dr. Elijah Harris , Specializes in Thyroid disorders
Dr. Madison Jackson , Specializes in Alzheimer's disease
Dr. Isaac King , Specializes in Arthritis
Dr. Penelope Lewis , Specializes in Cancer
Dr. Julian Martinez , Specializes in Dementia
Dr. Harper Mitchell , Specializes in Diabetes
Dr. Caleb Murphy , Specializes in Heart disease
Dr. Lily Nelson , Specializes in High blood pressure
Dr. Gabriel Parker , Specializes in Multiple sclerosis
Dr. Ava Roberts , Specializes in Parkinson's disease
Dr. Samuel Sanchez , Specializes in Spina bifida
Dr. Sophia Scott , Specializes in Thyroid disorders
Dr. Elijah Turner , Specializes in Alzheimer's disease
Dr. Madison White , Specializes in Arthritis
Dr. Isaac Adams , Specializes in Cancer
Dr. Penelope Campbell , Specializes in Dementia
Dr. Julian Davis , Specializes in Diabetes
Dr. Harper Evans , Specializes in Heart disease
Dr. Caleb Foster , Specializes in High blood pressure
Dr. Lily Garcia , Specializes in Multiple sclerosis
Dr. Gabriel Green , Specializes in Parkinson's disease
Dr. Ava Hall , Specializes in Spina bifida
Dr. Samuel Harris , Specializes in Thyroid disorders
Dr. Sophia Jackson , Specializes in Alzheimer's disease
Dr. Elijah King , Specializes in Arthritis
Dr. Madison Lewis , Specializes in Cancer
Dr. Isaac Martinez , Specializes in Dementia
Dr. Penelope Mitchell , Specializes in Diabetes
Dr. Julian Murphy , Specializes in Heart disease
Dr. Harper Nelson , Specializes in High blood pressure
Dr. Caleb Parker , Specializes in Multiple sclerosis
Dr. Lily Roberts , Specializes in Parkinson's disease
Dr. Gabriel Sanchez , Specializes in Spina bifida
Dr. Ava Scott , Specializes in Thyroid disorders
Dr. Samuel Turner , Specializes in Alzheimer's disease
Dr. Sophia White , Specializes in Arthritis
Dr. Elijah Adams , Specializes in Cancer
Dr. Madison Campbell , Specializes in Dementia
Dr. Isaac Davis , Specializes in Diabetes
Dr. Penelope Evans , Specializes in Heart disease
Dr. Julian Foster , Specializes in High blood pressure
Dr. Harper Garcia , Specializes in Multiple sclerosis
Dr. Caleb Green , Specializes in Parkinson's disease
Dr. Lily Hall , Specializes in Spina bifida
Dr. Gabriel Harris , Specializes in Thyroid disorders
Dr. Ava Jackson , Specializes in Alzheimer's disease
Dr. Samuel King , Specializes in Arthritis
Dr. Sophia Lewis , Specializes in Cancer
Dr. Elijah Martinez , Specializes in Dementia
Dr. Madison Mitchell , Specializes in Diabetes
Dr. Isaac Murphy , Specializes in Heart disease
Dr. Penelope Nelson , Specializes in High blood pressure
Dr. Julian Parker , Specializes in Multiple sclerosis
Dr. Harper Roberts , Specializes in Parkinson's disease
Dr. Caleb Sanchez , Specializes in Spina bifida
Dr. Lily Scott , Specializes in Thyroid disorders
Dr. Gabriel Turner , Specializes in Alzheimer's disease
Dr. Ava White , Specializes in Arthritis
Dr. Samuel Adams , Specializes in Cancer
Dr. Sophia Campbell , Specializes in Dementia
Dr. Elijah Davis , Specializes in Diabetes
Dr. Madison Evans , Specializes in Heart disease
Dr. Isaac Foster , Specializes in High blood pressure
Dr. Penelope Garcia , Specializes in Multiple sclerosis
Dr. Julian Green , Specializes in Parkinson's disease
Dr. Harper Hall , Specializes in Spina bifida
Dr. Caleb Harris , Specializes in Thyroid disorders
Dr. Lily Jackson , Specializes in Alzheimer's disease
Dr. Gabriel King , Specializes in Arthritis
Dr. Ava Lewis , Specializes in Cancer
Dr. Samuel Martinez , Specializes in Dementia
Dr. Sophia Mitchell , Specializes in Diabetes
Dr. Elijah Murphy , Specializes in Heart disease
Dr. Madison Nelson , Specializes in High blood pressure
Dr. Isaac Parker , Specializes in Multiple sclerosis
Dr. Penelope Roberts , Specializes in Parkinson's disease
Dr. Julian Sanchez , Specializes in Spina bifida
Dr. Harper Scott , Specializes in Thyroid disorders
Dr. Caleb Turner , Specializes in Alzheimer's disease
Dr. Lily White , Specializes in Arthritis
Dr. Gabriel Adams , Specializes in Cancer
Dr. Ava Campbell , Specializes in Dementia
Dr. Samuel Davis , Specializes in Diabetes
Dr. Sophia Evans , Specializes in Heart disease
Dr. Elijah Foster , Specializes in High blood pressure
Dr. Madison Garcia , Specializes in Multiple sclerosis
Dr. Isaac Green , Specializes in Parkinson's disease
Dr. Penelope Hall , Specializes in Spina bifida
Dr. Julian Harris , Specializes in Thyroid disorders
Dr. Harper Jackson , Specializes in Alzheimer's disease
Dr. Caleb King , Specializes in Arthritis
Dr. Lily Lewis , Specializes in Cancer
Dr. Gabriel Martinez , Specializes in Dementia
Dr. Ava Mitchell , Specializes in Diabetes
Dr. Samuel Murphy , Specializes in Heart disease
Dr. Sophia Nelson , Specializes in High blood pressure
Dr. Elijah Parker , Specializes in Multiple sclerosis
Dr. Madison Roberts , Specializes in Parkinson's disease
Dr. Isaac Sanchez , Specializes in Spina bifida
Dr. Penelope Scott , Specializes in Thyroid disorders
Dr. Julian Turner , Specializes in Alzheimer's disease
Dr. Harper White , Specializes in Arthritis
Dr. Caleb Adams , Specializes in Cancer
Dr. Lily Campbell , Specializes in Dementia
Dr. Gabriel Davis , Specializes in Diabetes
Dr. Ava Evans , Specializes in Heart disease
Dr. Samuel Foster , Specializes in High blood pressure
Dr. Sophia Garcia , Specializes in Multiple sclerosis
Dr. Elijah Green , Specializes in Parkinson's disease
Dr. Madison Hall , Specializes in Spina bifida
Dr. Isaac Harris , Specializes in Thyroid disorders
Dr. Penelope Jackson , Specializes in Alzheimer's disease
Dr. Julian King , Specializes in Arthritis
Dr. Harper Lewis , Specializes in Cancer
Dr. Caleb Martinez , Specializes in Dementia
Dr. Lily Mitchell , Specializes in Diabetes
Dr. Gabriel Murphy , Specializes in Heart disease
Dr. Ava Nelson , Specializes in High blood pressure
Dr. Samuel Parker , Specializes in Multiple sclerosis
Dr. Sophia Roberts , Specializes in Parkinson's disease
Dr. Elijah Sanchez , Specializes in Spina bifida
Dr. Madison Scott , Specializes in Thyroid disorders
Dr. Isaac Turner , Specializes in Alzheimer's disease
Dr. Penelope White , Specializes in Arthritis
Dr. Julian Adams , Specializes in Cancer
Dr. Harper Campbell , Specializes in Dementia
Dr. Caleb Davis , Specializes in Diabetes
Dr. Lily Evans , Specializes in Heart disease
Dr. Gabriel Foster , Specializes in High blood pressure
Dr. Ava Garcia , Specializes in Multiple sclerosis
Dr. Samuel Green , Specializes in Parkinson's disease
Dr. Sophia Hall , Specializes in Spina bifida
Dr. Elijah Harris , Specializes in Thyroid disorders
Dr. Madison Jackson , Specializes in Alzheimer's disease
Dr. Isaac King , Specializes in Arthritis
Dr. Penelope Lewis , Specializes in Cancer
Dr. Julian Martinez , Specializes in Dementia
Dr. Harper Mitchell , Specializes in Diabetes
Dr. Caleb Murphy , Specializes in Heart disease
Dr. Lily Nelson , Specializes in High blood pressure
Dr. Gabriel Parker , Specializes in Multiple sclerosis
Dr. Ava Roberts , Specializes in Parkinson's disease
Dr. Samuel Sanchez , Specializes in Spina bifida
Dr. Sophia Scott , Specializes in Thyroid disorders
Dr. Elijah Turner , Specializes in Alzheimer's disease
Dr. Madison White , Specializes in Arthritis
Dr. Isaac Adams , Specializes in Cancer
Dr. Penelope Campbell , Specializes in Dementia
Dr. Julian Davis , Specializes in Diabetes
Dr. Harper Evans , Specializes in Heart disease
Dr. Caleb Foster , Specializes in High blood pressure
Dr. Lily Garcia , Specializes in Multiple sclerosis
Dr. Gabriel Green , Specializes in Parkinson's disease
Dr. Ava Hall , Specializes in Spina bifida
Dr. Samuel Harris , Specializes in Thyroid disorders
Dr. Sophia Jackson , Specializes in Alzheimer's disease
Dr. Elijah King , Specializes in Arthritis
Dr. Madison Lewis , Specializes in Cancer
Dr. Isaac Martinez , Specializes in Dementia
Dr. Penelope Mitchell , Specializes in Diabetes
Dr. Julian Murphy , Specializes in Heart disease
Dr. Harper Nelson , Specializes in High blood pressure
Dr. Caleb Parker , Specializes in Multiple sclerosis
Dr. Lily Roberts , Specializes in Parkinson's disease
Dr. Gabriel Sanchez , Specializes in Spina bifida
Dr. Ava Scott , Specializes in Thyroid disorders
Dr. Samuel Turner , Specializes in Alzheimer's disease
Dr. Sophia White , Specializes in Arthritis
Dr. Elijah Adams , Specializes in Cancer
Dr. Madison Campbell , Specializes in Dementia
Dr. Isaac Davis , Specializes in Diabetes
Dr. Penelope Evans , Specializes in Heart disease
Dr. Julian Foster , Specializes in High blood pressure
Dr. Harper Garcia , Specializes in Multiple sclerosis
Dr. Caleb Green , Specializes in Parkinson's disease
Dr. Lily Hall , Specializes in Spina bifida
Dr. Gabriel Harris , Specializes in Thyroid disorders
Dr. Ava Jackson , Specializes in Alzheimer's disease
Dr. Samuel King , Specializes in Arthritis
Dr. Sophia Lewis , Specializes in Cancer
Dr. Elijah Martinez , Specializes in Dementia
Dr. Madison Mitchell , Specializes in Diabetes
Dr. Isaac Murphy , Specializes in Heart disease
Dr. Penelope Nelson , Specializes in High blood pressure
Dr. Julian Parker , Specializes in Multiple sclerosis
Dr. Harper Roberts , Specializes in Parkinson's disease
Dr. Caleb Sanchez , Specializes in Spina bifida
Dr. Lily Scott , Specializes in Thyroid disorders
Dr. Gabriel Turner , Specializes in Alzheimer's disease
Dr. Ava White , Specializes in Arthritis
Dr. Samuel Adams , Specializes in Cancer
Dr. Sophia Campbell , Specializes in Dementia
Dr. Elijah Davis , Specializes in Diabetes
Dr. Madison Evans , Specializes in Heart disease
Dr. Isaac Foster , Specializes in High blood pressure
Dr. Penelope Garcia , Specializes in Multiple sclerosis
Dr. Julian Green , Specializes in Parkinson's disease
Dr. Harper Hall , Specializes in Spina bifida
Dr. Caleb Harris , Specializes in Thyroid disorders
Dr. Lily Jackson , Specializes in Alzheimer's disease
Dr. Gabriel King , Specializes in Arthritis
Dr. Ava Lewis , Specializes in Cancer
Dr. Samuel Martinez , Specializes in Dementia
Dr. Sophia Mitchell , Specializes in Diabetes
Dr. Elijah Murphy , Specializes in Heart disease
Dr. Madison Nelson , Specializes in High blood pressure
Dr. Isaac Parker , Specializes in Multiple sclerosis
Dr. Penelope Roberts , Specializes in Parkinson's disease
Dr. Julian Sanchez , Specializes in Spina bifida
Dr. Harper Scott , Specializes in Thyroid disorders
Dr. Caleb Turner , Specializes in Alzheimer's disease
Dr. Lily White , Specializes in Arthritis
Dr. Gabriel Adams , Specializes in Cancer
Dr. Ava Campbell , Specializes in Dementia
Dr. Samuel Davis , Specializes in Diabetes
Dr. Sophia Evans , Specializes in Heart disease
Dr. Elijah Foster , Specializes in High blood pressure
Dr. Madison Garcia , Specializes in Multiple sclerosis
Dr. Isaac Green , Specializes in Parkinson's disease
Dr. Penelope Hall , Specializes in Spina bifida
Dr. Julian Harris , Specializes in Thyroid disorders
Dr. Harper Jackson , Specializes in Alzheimer's disease
Dr. Caleb King , Specializes in Arthritis
Dr. Lily Lewis , Specializes in Cancer
Dr. Gabriel Martinez , Specializes in Dementia
Dr. Ava Mitchell , Specializes in Diabetes
Dr. Samuel Murphy , Specializes in Heart disease
Dr. Sophia Nelson , Specializes in High blood pressure
Dr. Elijah Parker , Specializes in Multiple sclerosis
Dr. Madison Roberts , Specializes in Parkinson's disease
Dr. Isaac Sanchez , Specializes in Spina bifida
Dr. Penelope Scott , Specializes in Thyroid disorders
Dr. Julian Turner , Specializes in Alzheimer's disease
Dr. Harper White , Specializes in Arthritis
Dr. Caleb Adams , Specializes in Cancer
Dr. Lily Campbell , Specializes in Dementia
Dr. Gabriel Davis , Specializes in Diabetes
Dr. Ava Evans , Specializes in Heart disease
Dr. Samuel Foster , Specializes in High blood pressure
Dr. Sophia Garcia , Specializes in Multiple sclerosis
Dr. Elijah Green , Specializes in Parkinson's disease
Dr. Madison Hall , Specializes in Spina bifida
Dr. Isaac Harris , Specializes in Thyroid disorders
Dr. Penelope Jackson , Specializes in Alzheimer's disease
Dr. Julian King , Specializes in Arthritis
Dr. Harper Lewis , Specializes in Cancer
Dr. Caleb Martinez , Specializes in Dementia
Dr. Lily Mitchell , Specializes in Diabetes
Dr. Gabriel Murphy , Specializes in Heart disease
Dr. Ava Nelson , Specializes in High blood pressure
Dr. Samuel Parker , Specializes in Multiple sclerosis
Dr. Sophia Roberts , Specializes in Parkinson's disease
Dr. Elijah Sanchez , Specializes in Spina bifida
Dr. Madison Scott , Specializes in Thyroid disorders
Dr. Isaac Turner , Specializes in Alzheimer's disease
Dr. Penelope White , Specializes in Arthritis
Dr. Julian Adams , Specializes in Cancer
Dr. Harper Campbell , Specializes in Dementia
Dr. Caleb Davis , Specializes in Diabetes
Dr. Lily Evans , Specializes in Heart disease
Dr. Gabriel Foster , Specializes in High blood pressure
Dr. Ava Garcia , Specializes in Multiple sclerosis
Dr. Samuel Green , Specializes in Parkinson's disease
Dr. Sophia Hall , Specializes in Spina bifida
Dr. Elijah Harris , Specializes in Thyroid disorders
Dr. Madison Jackson , Specializes in Alzheimer's disease
Dr. Isaac King , Specializes in Arthritis
Dr. Penelope Lewis , Specializes in Cancer
Dr. Julian Martinez , Specializes in Dementia
Dr. Harper Mitchell , Specializes in Diabetes
Dr. Caleb Murphy , Specializes in Heart disease
Dr. Lily Nelson , Specializes in High blood pressure
Dr. Gabriel Parker , Specializes in Multiple sclerosis
Dr. Ava Roberts , Specializes in Parkinson's disease
Dr. Samuel Sanchez , Specializes in Spina bifida
Dr. Sophia Scott , Specializes in Thyroid disorders
Dr. Elijah Turner , Specializes in Alzheimer's disease
Dr. Madison White , Specializes in Arthritis
Dr. Isaac Adams , Specializes in Cancer
Dr. Penelope Campbell , Specializes in Dementia
Dr. Julian Davis , Specializes in Diabetes
Dr. Harper Evans , Specializes in Heart disease
Dr. Caleb Foster , Specializes in High blood pressure
Dr. Lily Garcia , Specializes in Multiple sclerosis
Dr. Gabriel Green , Specializes in Parkinson's disease
Dr. Ava Hall , Specializes in Spina bifida
Dr. Samuel Harris , Specializes in Thyroid disorders
Dr. Sophia Jackson , Specializes in Alzheimer's disease
Dr. Elijah King , Specializes in Arthritis
Dr. Madison Lewis , Specializes in Cancer
Dr. Isaac Martinez , Specializes in Dementia
Dr. Penelope Mitchell , Specializes in Diabetes
Dr. Julian Murphy , Specializes in Heart disease
Dr. Harper Nelson , Specializes in High blood pressure
Dr. Caleb Parker , Specializes in Multiple sclerosis
Dr. Lily Roberts , Specializes in Parkinson's disease
Dr. Gabriel Sanchez , Specializes in Spina bifida
Dr. Ava Scott , Specializes in Thyroid disorders
Dr. Samuel Turner , Specializes in Alzheimer's disease
Dr. Sophia White , Specializes in Arthritis
Dr. Elijah Adams , Specializes in Cancer
Dr. Madison Campbell , Specializes in Dementia
Dr. Isaac Davis , Specializes in Diabetes
Dr. Penelope Evans , Specializes in Heart disease
Dr. Julian Foster , Specializes in High blood pressure
Dr. Harper Garcia , Specializes in Multiple sclerosis
Dr. Caleb Green , Specializes in Parkinson's disease
Dr. Lily Hall , Specializes in Spina bifida
Dr. Gabriel Harris , Specializes in Thyroid disorders
Dr. Ava Jackson , Specializes in Alzheimer's disease
Dr. Samuel King , Specializes in Arthritis
Dr. Sophia Lewis , Specializes in Cancer
Dr. Elijah Martinez , Specializes in Dementia
Dr. Madison Mitchell , Specializes in Diabetes
Dr. Isaac Murphy , Specializes in Heart disease
Dr. Penelope Nelson , Specializes in High blood pressure
Dr. Julian Parker , Specializes in Multiple sclerosis
Dr. Harper Roberts , Specializes in Parkinson's disease
Dr. Caleb Sanchez , Specializes in Spina bifida
Dr. Lily Scott , Specializes in Thyroid disorders
Dr. Gabriel Turner , Specializes in Alzheimer's disease
Dr. Ava White , Specializes in Arthritis
Dr. Samuel Adams , Specializes in Cancer
Dr. Sophia Campbell , Specializes in Dementia
Dr. Elijah Davis , Specializes in Diabetes
Dr. Madison Evans , Specializes in Heart disease
Dr. Isaac Foster , Specializes in High blood pressure
Dr. Penelope Garcia , Specializes in Multiple sclerosis
Dr. Julian Green , Specializes in Parkinson's disease
Dr. Harper Hall , Specializes in Spina bifida
Dr. Caleb Harris , Specializes in Thyroid disorders
Dr. Lily Jackson , Specializes in Alzheimer's disease
Dr. Gabriel King , Specializes in Arthritis
Dr. Ava Lewis , Specializes in Cancer
Dr. Samuel Martinez , Specializes in Dementia
Dr. Sophia Mitchell , Specializes in Diabetes
Dr. Elijah Murphy , Specializes in Heart disease
Dr. Madison Nelson , Specializes in High blood pressure
Dr. Isaac Parker , Specializes in Multiple sclerosis
Dr. Penelope Roberts , Specializes in Parkinson's disease
Dr. Julian Sanchez , Specializes in Spina bifida
Dr. Harper Scott , Specializes in Thyroid disorders
Dr. Caleb Turner , Specializes in Alzheimer's disease
Dr. Lily White , Specializes in Arthritis
Dr. Gabriel Adams , Specializes in Cancer
Dr. Ava Campbell , Specializes in Dementia
Dr. Samuel Davis , Specializes in Diabetes
Dr. Sophia Evans , Specializes in Heart disease
Dr. Elijah Foster , Specializes in High blood pressure
Dr. Madison Garcia , Specializes in Multiple sclerosis
Dr. Isaac Green , Specializes in Parkinson's disease
Dr. Penelope Hall , Specializes in Spina bifida
Dr. Julian Harris , Specializes in Thyroid disorders
Dr. Harper Jackson , Specializes in Alzheimer's disease
Dr. Caleb King , Specializes in Arthritis
Dr. Lily Lewis , Specializes in Cancer
Dr. Gabriel Martinez , Specializes in Dementia
Dr. Ava Mitchell , Specializes in Diabetes
Dr. Samuel Murphy , Specializes in Heart disease
Dr. Sophia Nelson , Specializes in High blood pressure
Dr. Elijah Parker , Specializes in Multiple sclerosis
Dr. Madison Roberts , Specializes in Parkinson's disease
Dr. Isaac Sanchez , Specializes in Spina bifida
Dr. Penelope Scott , Specializes in Thyroid disorders
Dr. Julian Turner , Specializes in Alzheimer's disease
Dr. Harper White , Specializes in Arthritis
Dr. Caleb Adams , Specializes in Cancer
Dr. Lily Campbell , Specializes in Dementia
Dr. Gabriel Davis , Specializes in Diabetes
Dr. Ava Evans , Specializes in Heart disease
Dr. Samuel Foster , Specializes in High blood pressure
Dr. Sophia Garcia , Specializes in Multiple sclerosis
Dr. Elijah Green , Specializes in Parkinson's disease
Dr. Madison Hall , Specializes in Spina bifida
Dr. Isaac Harris , Specializes in Thyroid disorders
Dr. Penelope Jackson , Specializes in Alzheimer's disease
Dr. Julian King , Specializes in Arthritis
Dr. Harper Lewis , Specializes in Cancer
Dr. Caleb Martinez , Specializes in Dementia
Dr. Lily Mitchell , Specializes in Diabetes
Dr. Gabriel Murphy , Specializes in Heart disease
Dr. Ava Nelson , Specializes in High blood pressure
Dr. Samuel Parker , Specializes in Multiple sclerosis
Dr. Sophia Roberts , Specializes in Parkinson's disease
Dr. Elijah Sanchez , Specializes in Spina bifida
Dr. Madison Scott , Specializes in Thyroid disorders
Dr. Isaac Turner , Specializes in Alzheimer's disease
Dr. Penelope White , Specializes in Arthritis
Dr. Julian Adams , Specializes in Cancer
Dr. Harper Campbell , Specializes in Dementia
Dr. Caleb Davis , Specializes in Diabetes
Dr. Lily Evans , Specializes in Heart disease
Dr. Gabriel Foster , Specializes in High blood pressure
Dr. Ava Garcia , Specializes in Multiple sclerosis
Dr. Samuel Green , Specializes in Parkinson's disease
Dr. Sophia Hall , Specializes in Spina bifida
Dr. Elijah Harris , Specializes in Thyroid disorders
Dr. Madison Jackson , Specializes in Alzheimer's disease
Dr. Isaac King , Specializes in Arthritis
Dr. Penelope Lewis , Specializes in Cancer
Dr. Julian Martinez , Specializes in Dementia
Dr. Harper Mitchell , Specializes in Diabetes
Dr. Caleb Murphy , Specializes in Heart disease
Dr. Lily Nelson , Specializes in High blood pressure
Dr. Gabriel Parker , Specializes in Multiple sclerosis
Dr. Ava Roberts , Specializes in Parkinson's disease
Dr. Samuel Sanchez , Specializes in Spina bifida
Dr. Sophia Scott , Specializes in Thyroid disorders
Dr. Elijah Turner , Specializes in Alzheimer's disease
Dr. Madison White , Specializes in Arthritis
Dr. Isaac Adams , Specializes in Cancer
Dr. Penelope Campbell , Specializes in Dementia
Dr. Julian Davis , Specializes in Diabetes
Dr. Harper Evans , Specializes in Heart disease
Dr. Caleb Foster , Specializes in High blood pressure
Dr. Lily Garcia , Specializes in Multiple sclerosis
Dr. Gabriel Green , Specializes in Parkinson's disease
Dr. Ava Hall , Specializes in Spina bifida
Dr. Samuel Harris , Specializes in Thyroid disorders
Dr. Sophia Jackson , Specializes in Alzheimer's disease
Dr. Elijah King , Specializes in Arthritis
Dr. Madison Lewis , Specializes in Cancer
Dr. Isaac Martinez , Specializes in Dementia
Dr. Penelope Mitchell , Specializes in Diabetes
Dr. Julian Murphy , Specializes in Heart disease
Dr. Harper Nelson , Specializes in High blood pressure
Dr. Caleb Parker , Specializes in Multiple sclerosis
Dr. Lily Roberts , Specializes in Parkinson's disease
Dr. Gabriel Sanchez , Specializes in Spina bifida
Dr. Ava Scott , Specializes in Thyroid disorders
Dr. Samuel Turner , Specializes in Alzheimer's disease
Dr. Sophia White , Specializes in Arthritis
Dr. Elijah Adams , Specializes in Cancer
Dr. Madison Campbell , Specializes in Dementia
Dr. Isaac Davis , Specializes in Diabetes
Dr. Penelope Evans , Specializes in Heart disease
Dr. Julian Foster , Specializes in High blood pressure
Dr. Harper Garcia , Specializes in Multiple sclerosis
Dr. Caleb Green , Specializes in Parkinson's disease
Dr. Lily Hall , Specializes in Spina bifida
Dr. Gabriel Harris , Specializes in Thyroid disorders
Dr. Ava Jackson , Specializes in Alzheimer's disease
Dr. Samuel King , Specializes in Arthritis
Dr. Sophia Lewis , Specializes in Cancer
Dr. Elijah Martinez , Specializes in Dementia
Dr. Madison Mitchell , Specializes in Diabetes
Dr. Isaac Murphy , Specializes in Heart disease
Dr. Penelope Nelson , Specializes in High blood pressure
Dr. Julian Parker , Specializes in Multiple sclerosis
Dr. Harper Roberts , Specializes in Parkinson's disease
Dr. Caleb Sanchez , Specializes in Spina bifida
Dr. Lily Scott , Specializes in Thyroid disorders
Dr. Gabriel Turner , Specializes in Alzheimer's disease
Dr. Ava White , Specializes in Arthritis
Dr. Samuel Adams , Specializes in Cancer
Dr. Sophia Campbell , Specializes in Dementia
Dr. Elijah Davis , Specializes in Diabetes
Dr. Madison Evans , Specializes in Heart disease
Dr. Isaac Foster , Specializes in High blood pressure
Dr. Penelope Garcia , Specializes in Multiple sclerosis
Dr. Julian Green , Specializes in Parkinson's disease
Dr. Harper Hall , Specializes in Spina bifida
Dr. Caleb Harris , Specializes in Thyroid disorders
Dr. Lily Jackson , Specializes in Alzheimer's disease
Dr. Gabriel King , Specializes in Arthritis
Dr. Ava Lewis , Specializes in Cancer
Dr. Samuel Martinez , Specializes in Dementia
Dr. Sophia Mitchell , Specializes in Diabetes
Dr. Elijah Murphy , Specializes in Heart disease
Dr. Penelope Nelson , Specializes in High blood pressure
Dr. Julian Parker , Specializes in Multiple sclerosis
Dr. Harper Roberts , Specializes in Parkinson's disease
Dr. Caleb Sanchez , Specializes in Spina bifida
Dr. Lily Scott , Specializes in Thyroid disorders
Dr. Gabriel Turner , Specializes in Alzheimer's disease
Dr. Ava White , Specializes in Arthritis
Dr. Samuel Adams , Specializes in Cancer
Dr. Sophia Campbell , Specializes in Dementia
Dr. Elijah Davis , Specializes in Diabetes
Dr. Madison Evans , Specializes in Heart disease
Dr. Isaac Foster , Specializes in High blood pressure
Dr. Penelope Garcia , Specializes in Multiple sclerosis
Dr. Julian Green , Specializes in Parkinson's disease
Dr. Harper Hall , Specializes in Spina bifida
Dr. Caleb Harris , Specializes in Thyroid disorders
Dr. Lily Jackson , Specializes in Alzheimer's disease
Dr. Gabriel King , Specializes in Arthritis
Dr. Ava Lewis , Specializes in Cancer
Dr. Samuel Martinez , Specializes in Dementia
Dr. Sophia Mitchell , Specializes in Diabetes
Dr. Elijah Murphy , Specializes in Heart disease
Dr. Penelope Nelson , Specializes in High blood pressure
Dr. Julian Parker , Specializes in Multiple sclerosis
Dr. Harper Roberts , Specializes in Parkinson's disease
Dr. Caleb Sanchez , Specializes in Spina bifida
Dr. Lily Scott , Specializes in Thyroid disorders
Dr. Gabriel Turner , Specializes in Alzheimer's disease
Dr. Ava White , Specializes in Arthritis
Dr. Samuel Adams , Specializes in Cancer
Dr. Sophia Campbell , Specializes in Dementia
Dr. Elijah Davis , Specializes in Diabetes
Dr. Madison Evans , Specializes in Heart disease
Dr. Isaac Foster , Specializes in High blood pressure
Dr. Penelope Garcia , Specializes in Multiple sclerosis
Dr. Julian Green , Specializes in Parkinson's disease
Dr. Harper Hall , Specializes in Spina bifida
Dr. Caleb Harris , Specializes in Thyroid disorders
Dr. Lily Jackson , Specializes in Alzheimer's disease
Dr. Gabriel King , Specializes in Arthritis
Dr. Ava Lewis , Specializes in Cancer
Dr. Samuel Martinez , Specializes in Dementia
Dr. Sophia Mitchell , Specializes in Diabetes
Dr. Elijah Murphy , Specializes in Heart disease
Dr. Penelope Nelson , Specializes in High blood pressure
Dr. Julian Parker , Specializes in Multiple sclerosis
Dr. Harper Roberts , Specializes in Parkinson's disease
Dr. Caleb Sanchez , Specializes in Spina bifida
Dr. Lily Scott , Specializes in Thyroid disorders
Dr. Gabriel Turner , Specializes in Alzheimer's disease
Dr. Ava White , Specializes in Arthritis
Dr. Samuel Adams , Specializes in Cancer
Dr. Sophia Campbell , Specializes in Dementia
Dr. Elijah Davis , Specializes in Diabetes
Dr. Madison Evans , Specializes in Heart disease
Dr. Isaac Foster , Specializes in High blood pressure
Dr. Penelope Garcia , Specializes in Multiple sclerosis
Dr. Julian Green , Specializes in Parkinson's disease
Dr. Harper Hall , Specializes in Spina bifida
Dr. Caleb Harris , Specializes in Thyroid disorders
Dr. Lily Jackson , Specializes in Alzheimer's disease
Dr. Gabriel King , Specializes in Arthritis
Dr. Ava Lewis , Specializes in Cancer
Dr. Samuel Martinez , Specializes in Dementia
Dr. Sophia Mitchell , Specializes in Diabetes
Dr. Elijah Murphy , Specializes in Heart disease
Dr. Penelope Nelson , Specializes in High blood pressure
Dr. Julian Parker , Specializes in Multiple sclerosis
Dr. Harper Roberts , Specializes in Parkinson's disease
Dr. Caleb Sanchez , Specializes in Spina bifida
Dr. Lily Scott , Specializes in Thyroid disorders
Dr. Gabriel Turner , Specializes in Alzheimer's disease
Dr. Ava White , Specializes in Arthritis
Dr. Samuel Adams , Specializes in Cancer
Dr. Sophia Campbell , Specializes in Dementia
Dr. Elijah Davis , Specializes in Diabetes
Dr. Madison Evans , Specializes in Heart disease
Dr. Isaac Foster , Specializes in High blood pressure
Dr. Penelope Garcia , Specializes in Multiple sclerosis
Dr. Julian Green , Specializes in Parkinson's disease
Dr. Harper Hall , Specializes in Spina bifida
Dr. Caleb Harris , Specializes in Thyroid disorders
Dr. Lily Jackson , Specializes in Alzheimer's disease
Dr. Gabriel King , Specializes in Arthritis
Dr. Ava Lewis , Specializes in Cancer
Dr. Samuel Martinez , Specializes in Dementia
Dr. Sophia Mitchell , Specializes in Diabetes
Dr. Elijah Murphy , Specializes in Heart disease
Dr. Penelope Nelson , Specializes in High blood pressure
Dr. Julian Parker , Specializes in Multiple sclerosis
Dr. Harper Roberts , Specializes in Parkinson's disease
Dr. Caleb Sanchez , Specializes in Spina bifida
Dr. Lily Scott , Specializes in Thyroid disorders
Dr. Gabriel Turner , Specializes in Alzheimer's disease
Dr. Ava White , Specializes in Arthritis
Dr. Samuel Adams , Specializes in Cancer
Dr. Sophia Campbell , Specializes in Dementia
Dr. Elijah Davis , Specializes in Diabetes
Dr. Madison Evans , Specializes in Heart disease
Dr. Isaac Foster , Specializes in High blood pressure
Dr. Penelope Garcia , Specializes in Multiple sclerosis
Dr. Julian Green , Specializes in Parkinson's disease
Dr. Harper Hall , Specializes in Spina bifida
Dr. Caleb Harris , Specializes in Thyroid disorders
Dr. Lily Jackson , Specializes in Alzheimer's disease
Dr. Gabriel King , Specializes in Arthritis
Dr. Ava Lewis , Specializes in Cancer
Dr. Samuel Martinez , Specializes in Dementia
Dr. Sophia Mitchell , Specializes in Diabetes
Dr. Elijah Murphy , Specializes in Heart disease
Dr. Penelope Nelson , Specializes in High blood pressure
Dr. Julian Parker , Specializes in Multiple sclerosis
Dr. Harper Roberts , Specializes in Parkinson's disease
Dr. Caleb Sanchez , Specializes in Spina bifida
Dr. Lily Scott , Specializes in Thyroid disorders
Dr. Gabriel Turner , Specializes in Alzheimer's disease
Dr. Ava White , Specializes in Arthritis
Dr. Samuel Adams , Specializes in Cancer
Dr. Sophia Campbell , Specializes in Dementia
Dr. Elijah Davis , Specializes in Diabetes
Dr. Madison Evans , Specializes in Heart disease
Dr. Isaac Foster , Specializes in High blood pressure
Dr. Penelope Garcia , Specializes in Multiple sclerosis
Dr. Julian Green , Specializes in Parkinson's disease
Dr. Harper Hall , Specializes in Spina bifida
Dr. Caleb Harris , Specializes in Thyroid disorders
Dr. Lily Jackson , Specializes in Alzheimer's disease
Dr. Gabriel King , Specializes in Arthritis
Dr. Ava Lewis , Specializes in Cancer
Dr. Samuel Martinez , Specializes in Dementia
Dr. Sophia Mitchell , Specializes in Diabetes
Dr. Elijah Murphy , Specializes in Heart disease
Dr. Penelope Nelson , Specializes in High blood pressure
Dr. Julian Parker , Specializes in Multiple sclerosis
Dr. Harper Roberts , Specializes in Parkinson's disease
Dr. Caleb Sanchez , Specializes in Spina bifida
Dr. Lily Scott , Specializes in Thyroid disorders
Dr. Gabriel Turner , Specializes in Alzheimer's disease
Dr. Ava White , Specializes in Arthritis
Dr. Samuel Adams , Specializes in Cancer
Dr. Sophia Campbell , Specializes in Dementia
Dr. Elijah Davis , Specializes in Diabetes
Dr. Madison Evans , Specializes in Heart disease
Dr. Isaac Foster , Specializes in High blood pressure
Dr. Penelope Garcia , Specializes in Multiple sclerosis
Dr. Julian Green , Specializes in Parkinson's disease
Dr. Harper Hall , Specializes in Spina bifida
Dr. Caleb Harris , Specializes in Thyroid disorders
Dr. Lily Jackson , Specializes in Alzheimer's disease
Dr. Gabriel King , Specializes in Arthritis
Dr. Ava Lewis , Specializes in Cancer
Dr. Samuel Martinez , Specializes in Dementia
Dr. Sophia Mitchell , Specializes in Diabetes
Dr. Elijah Murphy , Specializes in Heart disease
Dr. Penelope Nelson , Specializes in High blood pressure
Dr. Julian Parker , Specializes in Multiple sclerosis
Dr. Harper Roberts , Specializes in Parkinson's disease
Dr. Caleb Sanchez , Specializes in Spina bifida
Dr. Lily Scott , Specializes in Thyroid disorders
Dr. Gabriel Turner , Specializes in Alzheimer's disease
Dr. Ava White , Specializes in Arthritis
Dr. Samuel Adams , Specializes in Cancer
Dr. Sophia Campbell , Specializes in Dementia
Dr. Elijah Davis , Specializes in Diabetes
Dr. Madison Evans , Specializes in Heart disease
Dr. Isaac Foster , Specializes in High blood pressure
Dr. Penelope Garcia , Specializes in Multiple sclerosis
Dr. Julian Green , Specializes in Parkinson's disease
Dr. Harper Hall , Specializes in Spina bifida
Dr. Caleb Harris , Specializes in Thyroid disorders
Dr. Lily Jackson , Specializes in Alzheimer's disease
Dr. Gabriel King , Specializes in Arthritis
Dr. Ava Lewis , Specializes in Cancer
Dr. Samuel Martinez , Specializes in Dementia
Dr. Sophia Mitchell , Specializes in Diabetes
Dr. Elijah Murphy , Specializes in Heart disease
Dr. Penelope Nelson , Specializes in High blood pressure
Dr. Julian Parker , Specializes in Multiple sclerosis
Dr. Harper Roberts , Specializes in Parkinson's disease
Dr. Caleb Sanchez , Specializes in Spina bifida
Dr. Lily Scott , Specializes in Thyroid disorders
Dr. Gabriel Turner , Specializes in Alzheimer's disease
Dr. Ava White , Specializes in Arthritis
Dr. Samuel Adams , Specializes in Cancer
Dr. Sophia Campbell , Specializes in Dementia
Dr. Elijah Davis , Specializes in Diabetes
Dr. Madison Evans , Specializes in Heart disease
Dr. Isaac Foster , Specializes in High blood pressure
Dr. Penelope Garcia , Specializes in Multiple sclerosis
Dr. Julian Green , Specializes in Parkinson's disease
Dr. Harper Hall , Specializes in Spina bifida