Company,Discount
Alpha Insurance,10%
Beta Assurance,15%
Gamma Underwriters,20%
Delta Coverage Corp,12%
Epsilon Insurers,8%
Zeta Insurance Group,25%
Eta Assurance Agency,18%
Theta Underwriters,10%
Iota Risk Management,15%
Kappa Insurance Services,20%
Lambda Underwriters,12%
Mu Surety Solutions,8%
Nu Assurance,25%
Xi Protection Providers,18%
Omicron Risk Consultants,10%
Pi Coverage Inc.,15%
Rho Insurance Agency,20%
Sigma Assurance Co.,12%
Tau Insurers,8%
Upsilon Financial Services,25%
Phi Insurance Company,10%
Omega Assurance Group,17%
Atlas Coverage Solutions,13%
Vanguard Insurers,21%
Shield Risk Management,9%
Apex Underwriters,16%
Liberty Insurancorp,14%
Sentinel Assurance,22%
Summit Insurance Services,11%
Paramount Underwriters,19%
Horizon Assurance Group,7%
Global Coverage Providers,24%
Integrity Insurers,15%
Secure Risk Consultants,18%
Sovereign Assurance,10%
Unity Underwriters,13%
Compass Insurance Agency,20%
SecureGuard Coverage,12%
Heritage Insurancorp,9%
Assurance Partners,16%
SafeNet Underwriters,14%
Capital Insurance Group,21%
Harmony Risk Management,8%
Avant-Garde Assurance,25%
Trustworthy Insurers,18%
Sentinel Risk Solutions,10%
Vitality Underwriters,13%
Harmony Insurance Services,20%
Frontier Coverage Corporation,12%
Fortitude Insurancorp,9%
Guardian Assurance Group,16%
AssurancePro,14%
SecureNet Coverage,21%
Platinum Insurers,8%
FirstLine Underwriters,17%
TrustMark Assurance,13%
Integrity Insurance Solutions,19%
Liberty Shield Group,7%
Fortuna Underwriters,24%
Prime Coverage Solutions,15%
Guardian Risk Management,18%
SecureLink Insurancorp,10%
Summit Assurance Services,13%
Horizon Coverage Providers,20%
Elite Insurtech,12%
Nova Underwriters,9%
Sentinel Risk Partners,16%
Accord Insurance Group,14%
Harmony Assurance Solutions,21%
SafeGuard Underwriters,8%
Paramount Insurance Agency,25%
Apex Coverage Corporation,10%
Capital Risk Management,17%
Vanguard Insurtech,13%
Heritage Coverage Solutions,19%
SecureHarbor Underwriters,10%
Visionary Assurance Group,20%
Frontier Insurance Services,12%
TrustPoint Insurancorp,9%
Assurance360,16%
SecureBridge Coverage,14%
TrustShield Insurtech,21%
SummitRisk Underwriters,8%
SecureFortress Coverage,17%
AssuranceLink Group,13%
Sentinel Assurance Solutions,18%
LibertyBridge Underwriters,7%
EliteRisk Insurance Services,24%
Fortitude Assurance Partners,15%
IntegrityCoverage Corporation,18%
PrimeNet Insurancorp,10%
GuardianRisk Solutions,13%
SecureHorizon Coverage,20%
Platinum Insurtech Group,12%
Vanguard Assurance Services,9%
ParamountRisk Underwriters,16%
Accord Shield Solutions,14%
TrustPoint Insurance Agency,21%
HarmonyBridge Coverage,10%
SafeNet Assurance Group,17%
VisionaryRisk Insurers,13%
